cluster,Gene_set,Term,Overlap,P-value,Adjusted P-value,Old P-value,Old Adjusted P-value,Odds Ratio,Combined Score,Genes
13,Reactome_Pathways_2024,Energy Dependent Regulation of mTOR by LKB1-AMPK,3/29,8.872018830307839e-05,0.0242206114067404,0,0,40.311740890688256,376.1094734082781,PRKAA1;RRAGA;CAB39L
13,Reactome_Pathways_2024,MTOR Signalling,3/41,0.00025228897271978247,0.0344374447762503,0,0,27.565096952908583,228.3750478331952,PRKAA1;RRAGA;CAB39L
13,GO_Biological_Process_2025,Desmosome Organization (GO:0002934),2/10,0.00039214360539410807,0.1197776450496158,0,0,85.91379310344827,673.8976935048315,RCAN1;PKP2
13,GO_Biological_Process_2025,Positive Regulation of Hippo Signaling (GO:0035332),2/14,0.000786901835472271,0.1197776450496158,0,0,57.26436781609196,409.2917462362553,FRMD6;SCHIP1
13,GO_Biological_Process_2025,Positive Regulation of Multicellular Organismal Process (GO:0051240),6/407,0.001355866702944,0.1197776450496158,0,0,5.413965087281795,35.750113600070335,PRKAA1;GCNT2;ALPL;SIX1;ELOVL6;PPARGC1B
13,GO_Biological_Process_2025,Negative Regulation of Actin Filament Polymerization (GO:0030837),2/19,0.0014644900548893,0.1197776450496158,0,0,40.41176470588236,263.73720596373187,PRKCD;KANK4
13,GO_Biological_Process_2025,Regulation of Cold-Induced Thermogenesis (GO:0120161),4/148,0.0010178270528537,0.1197776450496158,0,0,9.819444444444445,67.65680947153932,ALPL;ELOVL6;ZNF423;PPARGC1B
13,GO_Biological_Process_2025,Motile Cilium Assembly (GO:0044458),2/17,0.0011692417829019,0.1197776450496158,0,0,45.80459770114943,309.24515125699804,SPAG17;CFAP221
13,GO_Biological_Process_2025,Skin Epidermis Development (GO:0098773),2/23,0.0021501189989173,0.1197776450496158,0,0,32.70771756978654,200.89839244912685,RCAN1;GATA6
13,GO_Biological_Process_2025,Negative Regulation of Apoptotic Process (GO:0043066),6/475,0.0029445412855282,0.1197776450496158,0,0,4.61288794124615,26.88299865122638,PRKAA1;PRKCD;GATA6;SIX1;SH3RF1;TNFRSF10D
6,Reactome_Pathways_2024,Activated TAK1 Mediates P38 MAPK Activation,4/23,2.906239194121749e-06,0.0009881213260013947,0,0,49.85714285714285,635.6112984762128,MAP2K3;RIPK2;IRAK2;MAP2K6
6,Reactome_Pathways_2024,Uptake and Function of Anthrax Toxins,3/14,2.892765239793988e-05,0.0049177009076497,0,0,63.85347593582888,667.3143248738534,MAP2K3;ANTXR1;MAP2K6
6,Reactome_Pathways_2024,"Nucleotide-binding Domain, Leucine Rich Repeat Containing Receptor (NLR) Signaling Pathways",4/61,0.00015078785358951826,0.0145321967346451,0,0,16.58730158730159,145.96222700743817,RIPK2;IRAK2;MAP2K6;BCL2L1
6,Reactome_Pathways_2024,MAP Kinase Activation,4/63,0.00017096702040759042,0.0145321967346451,0,0,16.023405972558514,138.9876624702867,MAP2K3;RIPK2;IRAK2;MAP2K6
6,Reactome_Pathways_2024,Interleukin-17 Signaling,4/72,0.0002865275364143204,0.0194838724761737,0,0,13.896358543417367,113.36198937206454,MAP2K3;RIPK2;IRAK2;MAP2K6
6,Reactome_Pathways_2024,Toll Like Receptor 3 (TLR3) Cascade,4/106,0.0012351802641447,0.0216497350931262,0,0,9.248366013071896,61.932037743184246,MAP2K3;IRAK2;RIPK2;MAP2K6
6,Reactome_Pathways_2024,TRAF6 Mediated Induction of NFkB and MAP Kinases Upon TLR7 8 or 9 Activation,4/102,0.001070797898411,0.0216497350931262,0,0,9.62779397473275,65.84786436065274,MAP2K3;IRAK2;RIPK2;MAP2K6
6,Reactome_Pathways_2024,MyD88 Dependent Cascade Initiated on Endosome,4/103,0.0011103573153941,0.0216497350931262,0,0,9.53006253006253,64.8337149910273,MAP2K3;IRAK2;RIPK2;MAP2K6
6,Reactome_Pathways_2024,Toll Like Receptor 10 (TLR10) Cascade,4/98,0.0009224273330153482,0.0216497350931262,0,0,10.03951367781155,70.1611609842257,MAP2K3;IRAK2;RIPK2;MAP2K6
6,Reactome_Pathways_2024,Toll Like Receptor 9 (TLR9) Cascade,4/110,0.0014164713111936,0.0216497350931262,0,0,8.897574123989218,58.36440703710044,MAP2K3;IRAK2;RIPK2;MAP2K6
9,GO_Biological_Process_2025,Cellular Response to Insulin Stimulus (GO:0032869),4/108,0.0006919568981219764,0.1295176684049569,0,0,10.891208791208792,79.24429238367301,GRB14;IRS1;SLC25A33;SLC39A14
9,GO_Biological_Process_2025,Iron Ion Transmembrane Transport (GO:0034755),2/11,0.0007269171181885319,0.1295176684049569,0,0,61.47222222222222,444.2411910549423,MCOLN1;SLC39A14
9,GO_Biological_Process_2025,Insulin Receptor Signaling Pathway (GO:0008286),3/51,0.0008913217677148334,0.1295176684049569,0,0,17.49823943661972,122.8867245386948,GRB14;IRS1;SLC39A14
9,GO_Biological_Process_2025,Protein N-linked Glycosylation (GO:0006487),3/64,0.0017229523421594,0.1295176684049569,0,0,13.760101593165553,87.56537841716808,MOGAT1;PGM3;ALG3
9,GO_Biological_Process_2025,Iron Ion Transport (GO:0006826),2/20,0.0024576407666974,0.1295176684049569,0,0,30.72222222222222,184.5961136225927,MCOLN1;SLC39A14
9,GO_Biological_Process_2025,Regulation of Nuclear Division (GO:0051783),2/19,0.0022171732095937,0.1295176684049569,0,0,32.53104575163399,198.81420906422136,DAPK3;OBSL1
9,GO_Biological_Process_2025,Protein Glycosylation (GO:0006486),4/145,0.0020583332934391,0.1295176684049569,0,0,8.01823708206687,49.59968164899215,B3GALNT2;MOGAT1;PGM3;ALG3
9,GO_Biological_Process_2025,Triglyceride Biosynthetic Process (GO:0019432),2/18,0.0019885380825574,0.1295176684049569,0,0,34.56597222222222,215.01263688059672,MOGAT1;PNPLA3
9,GO_Biological_Process_2025,Regulation of Oxidative Phosphorylation (GO:0002082),2/15,0.0013745173165769,0.1295176684049569,0,0,42.5491452991453,280.3840881601199,AK4;SLC25A33
9,GO_Biological_Process_2025,Regulation of Aerobic Respiration (GO:1903715),2/14,0.0011941043543106,0.1295176684049569,0,0,46.09722222222222,310.2508484154788,AK4;SLC25A33
3,GO_Biological_Process_2025,Vascular Endothelial Growth Factor Receptor-2 Signaling Pathway (GO:0036324),1/5,0.024998564628756,0.2892150150965252,0,0,49.7375,183.4784976020638,DAB2IP
3,GO_Biological_Process_2025,Intracellular Distribution of Mitochondria (GO:0048312),1/5,0.024998564628756,0.2892150150965252,0,0,49.7375,183.4784976020638,CLUH
3,GO_Biological_Process_2025,Regulation of Pentose-Phosphate Shunt (GO:0043456),1/5,0.024998564628756,0.2892150150965252,0,0,49.7375,183.4784976020638,MLST8
3,GO_Biological_Process_2025,Nucleolar Large rRNA Transcription by RNA Polymerase I (GO:0042790),1/5,0.024998564628756,0.2892150150965252,0,0,49.7375,183.4784976020638,POLR1E
3,GO_Biological_Process_2025,Purine Nucleobase Transmembrane Transport (GO:1904823),1/5,0.024998564628756,0.2892150150965252,0,0,49.7375,183.4784976020638,SLC28A2
3,GO_Biological_Process_2025,Pyrimidine Nucleoside Transport (GO:0015864),1/5,0.024998564628756,0.2892150150965252,0,0,49.7375,183.4784976020638,SLC28A2
3,GO_Biological_Process_2025,Positive Regulation of cGAS/STING Signaling Pathway (GO:0141111),1/5,0.024998564628756,0.2892150150965252,0,0,49.7375,183.4784976020638,ZDHHC9
3,GO_Biological_Process_2025,Dermatan Sulfate Proteoglycan Metabolic Process (GO:0050655),1/5,0.024998564628756,0.2892150150965252,0,0,49.7375,183.4784976020638,IDUA
3,GO_Biological_Process_2025,Positive Regulation of Fat Cell Differentiation (GO:0045600),2/50,0.0264315192050235,0.2892150150965252,0,0,8.35479797979798,30.35463590957481,NOCT;TMEM64
3,GO_Biological_Process_2025,Response to Glucose (GO:0009749),2/51,0.0274212422009882,0.2892150150965252,0,0,8.18387961245104,29.43280992262017,EIF2B4;ZBED3
11,Reactome_Pathways_2024,Phospholipase C-mediated Cascade; FGFR2,2/18,0.0014921470517396,0.0757057504460175,0,0,40.16129032258065,261.35117197671207,FGF1;FGFR2
11,Reactome_Pathways_2024,Cell-extracellular Matrix Interactions,2/18,0.0014921470517396,0.0757057504460175,0,0,40.16129032258065,261.35117197671207,ACTN1;ARHGEF6
11,Reactome_Pathways_2024,Signaling by FGFR2 IIIa TM,2/19,0.0016642602071935,0.0757057504460175,0,0,37.79696394686907,241.83913310311596,FGF1;FGFR2
11,Reactome_Pathways_2024,FGFR2 Ligand Binding and Activation,2/20,0.0018453715711163,0.0757057504460175,0,0,35.69534050179212,224.7048323380627,FGF1;FGFR2
11,Reactome_Pathways_2024,VxPx Cargo-Targeting to Cilium,2/21,0.0020354236173618,0.0757057504460175,0,0,33.81494057724957,209.5529220037357,PKD2;RAB11A
11,Reactome_Pathways_2024,SHC-mediated Cascade FGFR2,2/23,0.0024421209821295,0.0757057504460175,0,0,30.591397849462364,184.0038429108897,FGF1;FGFR2
11,Reactome_Pathways_2024,PI-3K Cascade FGFR2,2/23,0.0024421209821295,0.0757057504460175,0,0,30.591397849462364,184.0038429108897,FGF1;FGFR2
11,Reactome_Pathways_2024,Regulation of Cytoskeletal Remodeling and Cell Spreading by IPP Complex Components,2/8,0.0002787647583728535,0.0757057504460175,0,0,107.1505376344086,877.0423971758042,ACTN1;ARHGEF6
11,Reactome_Pathways_2024,FGFR2c Ligand Binding and Activation,2/13,0.0007685865430880081,0.0757057504460175,0,0,58.43108504398827,419.0068210042815,FGF1;FGFR2
11,Reactome_Pathways_2024,Signal Transduction,18/2613,0.0010683712813692,0.0757057504460175,0,0,2.614878110077909,17.890002263360937,ALK;DNMT1;B4GALT1;KHDRBS3;DGKD;ACTN1;PLD1;FGF1;CHRDL1;SLC4A7;RPS6KA3;CLIP1;EDNRA;LEP;RARB;FGFR2;ARHGEF6;FBN1
15,Reactome_Pathways_2024,Elastic Fibre Formation,3/44,0.00017053504273066764,0.0286498871787521,0,0,31.670201484623544,274.7887122775499,EFEMP2;ITGAV;LOXL2
15,GO_Biological_Process_2025,Negative Regulation of Extrinsic Apoptotic Signaling Pathway (GO:2001237),2/72,0.0134756729272992,0.1321321727716329,0,0,12.085714285714284,52.05159091309592,EYA2;ITGAV
15,GO_Biological_Process_2025,Regulation of Entry of Bacterium Into Host Cell (GO:2000535),1/6,0.0146119438121658,0.1321321727716329,0,0,83.10833333333333,351.20883684468544,ITGAV
15,GO_Biological_Process_2025,Regulation of Collagen Fibril Organization (GO:1904026),1/6,0.0146119438121658,0.1321321727716329,0,0,83.10833333333333,351.20883684468544,EFEMP2
15,GO_Biological_Process_2025,Urea Cycle (GO:0000050),1/6,0.0146119438121658,0.1321321727716329,0,0,83.10833333333333,351.20883684468544,LDLR
15,GO_Biological_Process_2025,Positive Regulation of Protein Catabolic Process in the Vacuole (GO:1904352),1/6,0.0146119438121658,0.1321321727716329,0,0,83.10833333333333,351.20883684468544,LDLR
15,GO_Biological_Process_2025,Norepinephrine Transport (GO:0015874),1/6,0.0146119438121658,0.1321321727716329,0,0,83.10833333333333,351.20883684468544,SLC22A3
15,GO_Biological_Process_2025,Negative Regulation of Lipoprotein Particle Clearance (GO:0010985),1/6,0.0146119438121658,0.1321321727716329,0,0,83.10833333333333,351.20883684468544,LDLR
15,GO_Biological_Process_2025,Lung Vasculature Development (GO:0060426),1/6,0.0146119438121658,0.1321321727716329,0,0,83.10833333333333,351.20883684468544,ERRFI1
15,GO_Biological_Process_2025,Protein Oxidation (GO:0018158),1/6,0.0146119438121658,0.1321321727716329,0,0,83.10833333333333,351.20883684468544,LOXL2
1,Reactome_Pathways_2024,Nervous System Development,18/567,1.8986322576337343e-09,5.214909934300657e-07,0,0,6.892729864575909,138.42071149360294,RPL4;HSPA8;HSP90AA1;HSP90AB1;ANK2;UNC5C;ANK3;CACNA1C;RPL10A;GRIN2B;ACTB;ACTG1;MYL6;COL3A1;UBC;RPLP2;NRCAM;PABPC1
1,Reactome_Pathways_2024,Axon Guidance,18/541,9.03650532252241e-10,5.214909934300657e-07,0,0,7.245115969739795,150.8764855988134,RPL4;HSPA8;HSP90AA1;HSP90AB1;ANK2;UNC5C;ANK3;CACNA1C;RPL10A;GRIN2B;ACTB;ACTG1;MYL6;COL3A1;UBC;RPLP2;NRCAM;PABPC1
1,Reactome_Pathways_2024,Chaperone Mediated Autophagy,6/22,1.674783632893663e-09,5.214909934300657e-07,0,0,71.6610576923077,1448.0966890905434,EEF1A1;HSPA8;HSP90AA1;HSP90AB1;UBC;HBB
1,Reactome_Pathways_2024,Scavenging by Class A Receptors,5/19,5.0210513900210244e-08,1.034336586344331e-05,0,0,67.60544217687075,1136.2474649867377,COL3A1;COL1A2;FTH1;APOE;FTL
1,Reactome_Pathways_2024,Immune System,31/2150,3.275453741146342e-07,5.0909583072935816e-05,0,0,3.2909062669876525,49.138625166298006,IFITM3;SERPINA3;EIF4A1;HSP90AB1;HBB;TXN;YBX1;ACTB;ACTG1;MT2A;C7;FTH1;UBC;CCL2;B2M;JUNB;CD96;HSPA8;JUN;HSP90AA1;NPM1;PLA2G2A;FOS;HLA-E;EEF1A1;COL3A1;COL1A2;SAA1;KLRD1;CD44;FTL
1,Reactome_Pathways_2024,Binding and Uptake of Ligands by Scavenger Receptors,8/122,3.7070084761846477e-07,5.0909583072935816e-05,0,0,13.60577915376677,201.47261494773468,HSP90AA1;COL3A1;COL1A2;FTH1;SAA1;HBB;APOE;FTL
1,Reactome_Pathways_2024,Protein-protein Interactions at Synapses,7/88,5.524200217067485e-07,6.502772826948011e-05,0,0,16.620280474649405,239.48090953130304,PTPRD;GRM5;LRRTM4;NRXN3;GRIN2B;PPFIA2;GRIA4
1,Reactome_Pathways_2024,Interaction Between L1 and Ankyrins,5/31,6.961601116376794e-07,7.170449149868098e-05,0,0,36.38095238095238,515.7977249721682,NRCAM;ANK2;ANK3;ACTB;ACTG1
1,Reactome_Pathways_2024,Cytokine Signaling in Immune System,17/776,1.1303559271952975e-06,9.314132840089252e-05,0,0,4.607463130604786,63.08989126022304,IFITM3;HSPA8;EIF4A1;JUN;HSP90AA1;NPM1;FOS;YBX1;HLA-E;MT2A;COL1A2;UBC;SAA1;CCL2;B2M;JUNB;CD44
1,Reactome_Pathways_2024,Innate Immune System,21/1149,1.0278760804968803e-06,9.314132840089252e-05,0,0,3.924635429117858,54.1129358650246,HSPA8;SERPINA3;JUN;HSP90AA1;HSP90AB1;PLA2G2A;HBB;TXN;FOS;ACTB;HLA-E;ACTG1;EEF1A1;C7;FTH1;UBC;SAA1;KLRD1;B2M;CD44;FTL
0,GO_Biological_Process_2025,Facial Nerve Structural Organization (GO:0021612),2/6,0.0005097796769637993,0.0623842879684449,0,0,85.68103448275862,649.5934988584736,NRP1;NRP2
0,GO_Biological_Process_2025,Facial Nerve Morphogenesis (GO:0021610),2/6,0.0005097796769637993,0.0623842879684449,0,0,85.68103448275862,649.5934988584736,NRP1;NRP2
0,GO_Biological_Process_2025,Neuron Projection Extension Involved in Neuron Projection Guidance (GO:1902284),2/6,0.0005097796769637993,0.0623842879684449,0,0,85.68103448275862,649.5934988584736,NRP1;NRP2
0,GO_Biological_Process_2025,Axon Extension Involved in Axon Guidance (GO:0048846),2/6,0.0005097796769637993,0.0623842879684449,0,0,85.68103448275862,649.5934988584736,NRP1;NRP2
0,GO_Biological_Process_2025,Sympathetic Neuron Projection Extension (GO:0097490),2/5,0.0003411696763350154,0.0623842879684449,0,0,114.2471264367816,912.0497332901724,NRP1;NRP2
0,GO_Biological_Process_2025,Positive Regulation of Transcription by RNA Polymerase II (GO:0045944),16/983,0.0002148150040629616,0.0623842879684449,0,0,3.0683131577346554,25.914154753636183,WWTR1;STAT2;MITF;NFATC1;AHR;NFKB1;FOSL2;PER1;PLSCR1;DAB2;NR4A3;KLF5;MYC;MAFF;TET3;PPARGC1A
0,GO_Biological_Process_2025,Positive Regulation of Smooth Muscle Cell Migration (GO:0014911),3/17,0.0001281605919368552,0.0623842879684449,0,0,37.02111801242236,331.7916432787284,PDGFRB;NRP1;NR4A3
0,GO_Biological_Process_2025,Platelet-Derived Growth Factor Receptor Signaling Pathway (GO:0048008),3/17,0.0001281605919368552,0.0623842879684449,0,0,37.02111801242236,331.7916432787284,PDGFRB;NRP1;NR4A3
0,Reactome_Pathways_2024,Metabolism of Polyamines,4/46,0.00015515843586491756,0.0764931088814043,0,0,16.574770258980784,145.3783673493997,NQO1;AMD1;SMS;SRM
0,GO_Biological_Process_2025,Regulation of Cellular Extravasation (GO:0002691),2/7,0.0007109382435793166,0.0773342822737945,0,0,68.54137931034482,496.8513173641576,PGAP1;ICAM1
10,Reactome_Pathways_2024,Activation of Gene Expression by SREBF (SREBP),3/43,0.0004208635722139596,0.0413849179343726,0,0,22.95230769230769,178.41292023227638,SREBF1;FASN;MVD
10,Reactome_Pathways_2024,ChREBP Activates Metabolic Gene Expression,2/8,0.00031474126366608674,0.0413849179343726,0,0,100.63636363636364,811.5074475931799,FASN;MLX
10,Reactome_Pathways_2024,NR1H2 & NR1H3 Regulate Gene Expression Linked to Lipogenesis,2/9,0.0004037790020616498,0.0413849179343726,0,0,86.25541125541126,674.0552332096978,SREBF1;FASN
10,Reactome_Pathways_2024,Regulation of Cholesterol Biosynthesis by SREBP (SREBF),3/56,0.0009159793277753665,0.0675534754234332,0,0,17.311175616835992,121.10061918842436,SREBF1;FASN;MVD
10,GO_Biological_Process_2025,Regulation of MAPK Cascade (GO:0043408),6/260,0.00025405786950681147,0.1526887795735937,0,0,7.49733299466599,62.06253629867563,FASN;WWC1;SPRY3;STK40;ADRA2A;FGF10
10,Reactome_Pathways_2024,Metabolism,15/2181,0.0057636824969289,0.1950157238784254,0,0,2.321381905608112,11.969459904158024,SREBF1;ABCC1;B3GAT3;GPT;ADRA2A;ACER2;UGDH;GCLC;CSKMT;FASN;NAPRT;MLX;MVD;B4GALT6;PGM1
10,Reactome_Pathways_2024,MET Activates PTK2 Signaling,2/30,0.0046594041129255,0.1950157238784254,0,0,21.541125541125545,115.65145339322927,COL5A2;MET
10,Reactome_Pathways_2024,Sphingolipid Metabolism,3/107,0.0057983097455123,0.1950157238784254,0,0,8.799408284023668,45.318614229375605,ACER2;ABCC1;B4GALT6
10,Reactome_Pathways_2024,Cholesterol Biosynthesis,2/27,0.0037844226149154,0.1950157238784254,0,0,24.12969696969697,134.56798887906896,SREBF1;MVD
10,Reactome_Pathways_2024,Integration of Energy Metabolism,3/108,0.005949632253918,0.1950157238784254,0,0,8.715164835164835,44.66021611996363,FASN;MLX;ADRA2A
4,Reactome_Pathways_2024,"Platelet Activation, Signaling and Aggregation",11/262,6.477623233186733e-08,3.2129011236606186e-05,0,0,9.898841415945414,163.8488608879078,PRKCH;HSPA5;PRKCE;PCDH7;ANXA5;PRKCA;PRKCQ;CLU;RHOA;RAPGEF4;TTN
4,GO_Biological_Process_2025,Negative Regulation of Apoptotic Process (GO:0043066),13/475,5.561529470108166e-07,0.0006473620303205905,0,0,6.435446906035141,92.684738201738,MEF2C;PRKCH;HSPA5;ANXA5;HSPB1;PRKCA;CLU;HSPD1;DNAJA1;PRDX2;NUPR1;CRYAB;MCL1
4,Reactome_Pathways_2024,G Alpha (Z) Signalling Events,5/48,3.6924853012835406e-06,0.000915736354718318,0,0,24.829957489372344,310.60317247014194,PRKCH;PRKCE;ADCY2;PRKCA;PRKCQ
4,GO_Biological_Process_2025,Regulation of Apoptotic Process (GO:0042981),15/704,1.6499571133080911e-06,0.0009602750399453092,0,0,5.039519471208491,67.0999986359747,EGR1;MEF2C;HSPA5;ANXA5;HSPB1;CLU;HSPD1;DNAJA1;PRDX2;SFRP2;STK17B;NUPR1;CRYAB;SOX4;MCL1
4,GO_Biological_Process_2025,Muscle Organ Development (GO:0007517),5/58,9.5060411081677e-06,0.0032717490387348,0,0,20.134915804422803,232.8317712166705,MEF2C;TAGLN;LAMA2;COL6A3;LARGE1
4,GO_Biological_Process_2025,Negative Regulation of Intrinsic Apoptotic Signaling Pathway (GO:2001243),5/60,1.1243123844449545e-05,0.0032717490387348,0,0,19.40078201368524,221.0865359376014,DNAJA1;SFRP2;HSPB1;CLU;YBX3
4,Reactome_Pathways_2024,Hemostasis,13/707,4.078555005814083e-05,0.0048860658325875,0,0,4.232988642142736,42.78358959232483,PRKCH;HSPA5;PRKCE;PCDH7;ANXA5;PRKCA;CLU;RHOA;TTN;IRF1;KCNMB2;PRKCQ;RAPGEF4
4,Reactome_Pathways_2024,Signal Transduction,28/2613,3.754613600945946e-05,0.0048860658325875,0,0,2.679613152804642,27.305097485006332,PPP1R15A;LAMA2;ADCY2;C3;AKT3;PDE4B;GPC5;CKB;SOX4;DYNC1I1;EGR1;MEF2C;PRKCH;TPM4;PRKCE;NTRK3;PCDH7;MMP3;PRKCA;ARHGAP26;RHOA;CNKSR2;SFRP2;COL6A2;COL6A3;PRKCQ;EVL;RAPGEF4
4,Reactome_Pathways_2024,Response to Elevated Platelet Cytosolic Ca2+,6/133,4.9254695893019885e-05,0.0048860658325875,0,0,10.15491270112975,100.72156099999948,HSPA5;PCDH7;ANXA5;PRKCA;CLU;TTN
4,GO_Biological_Process_2025,Positive Regulation of Cytokine Production (GO:0001819),9/325,3.1311970039474214e-05,0.0072894266251895,0,0,6.267742853079221,65.00595833092176,C3;EGR1;CADM1;IFI16;IRF1;PDE4B;SAA2;PRKCQ;HSPD1
17,GO_Biological_Process_2025,Regulation of Vascular Associated Smooth Muscle Cell Migration (GO:1904752),3/13,1.3872340659575365e-06,0.0005091149022064159,0,0,187.078125,2523.346917535179,DOCK4;IGFBP5;PRKG1
17,GO_Biological_Process_2025,Synaptic Vesicle Clustering (GO:0097091),2/6,4.44290689748568e-05,0.0054351561045908,0,0,302.43939393939394,3030.9316496211063,SYN3;SYN2
17,GO_Biological_Process_2025,Synaptic Vesicle Localization (GO:0097479),2/6,4.44290689748568e-05,0.0054351561045908,0,0,302.43939393939394,3030.9316496211063,SYN3;SYN2
17,Reactome_Pathways_2024,Turbulent Flow Shear Stress Activates Signaling by PIEZO1 and Integrins in Endothelial Cells,3/31,2.13376310655928e-05,0.0058038356498412,0,0,66.75334821428571,717.9348185244262,NFKBIA;PDE4D;FN1
17,GO_Biological_Process_2025,Positive Regulation of Vascular Associated Smooth Muscle Cell Migration (GO:1904754),2/8,8.27524426363012e-05,0.0075925366118806,0,0,201.6060606060606,1895.027824035605,DOCK4;IGFBP5
17,GO_Biological_Process_2025,Negative Regulation of Smooth Muscle Cell Migration (GO:0014912),2/14,0.00026717919670534254,0.0196109530381721,0,0,100.77272727272728,829.1167815334253,IGFBP5;PRKG1
17,Reactome_Pathways_2024,Advanced Glycosylation Endproduct Receptor Signaling,2/13,0.00022926240241596203,0.0212826271524575,0,0,109.93939393939394,921.3628505376656,LGALS3;S100B
17,Reactome_Pathways_2024,Toll-like Receptor Cascades,4/174,0.00023473485829916387,0.0212826271524575,0,0,15.024667931688803,125.56196038595736,DNM3;NFKBIA;S100B;HSP90B1
17,Reactome_Pathways_2024,Nitric Oxide Stimulates Guanylate Cyclase,2/23,0.0007355116472040447,0.0215185494701072,0,0,57.55844155844156,415.2809430634506,PDE1A;PRKG1
17,Reactome_Pathways_2024,Cellular Responses to Mechanical Stimuli,3/93,0.0005719153890272941,0.0215185494701072,0,0,20.703125,154.58028649873583,NFKBIA;PDE4D;FN1
18,GO_Biological_Process_2025,Negative Regulation of Ras Protein Signal Transduction (GO:0046580),2/13,0.00014602284933772086,0.0531523171589303,0,0,139.5874125874126,1232.8007746388705,TGFB2;EPHB2
18,GO_Biological_Process_2025,Primary Neural Tube Formation (GO:0014020),2/28,0.000698524343473833,0.0660706312131007,0,0,59.01183431952663,428.8118857618176,TGFB2;MTHFD1L
18,GO_Biological_Process_2025,Tube Closure (GO:0060606),2/29,0.0007496181542888011,0.0660706312131007,0,0,56.82336182336182,408.8978778076582,TGFB2;MTHFD1L
18,GO_Biological_Process_2025,Neural Tube Closure (GO:0001843),2/30,0.0008024678708939625,0.0660706312131007,0,0,54.79120879120879,390.5418048109173,TGFB2;MTHFD1L
18,GO_Biological_Process_2025,Regulation of Ras Protein Signal Transduction (GO:0046578),2/34,0.0010313326933724,0.0660706312131007,0,0,47.93269230769231,329.6284964283434,TGFB2;EPHB2
18,GO_Biological_Process_2025,Positive Regulation of Synapse Assembly (GO:0051965),2/35,0.0010928921891777,0.0660706312131007,0,0,46.47785547785548,316.9291367208542,SEMA4A;EPHB2
18,GO_Biological_Process_2025,Positive Regulation of Cell Migration (GO:0030335),4/344,0.0012705890617903,0.0660706312131007,0,0,9.623529411764704,64.17233729569156,SEMA4A;SH3RF2;TGFB2;EPHB2
18,GO_Biological_Process_2025,Visual System Development (GO:0150063),2/41,0.0014983775587513,0.068176178923186,0,0,39.315581854043394,255.68386928081543,TGFB2;CPAMD8
18,GO_Biological_Process_2025,Negative Regulation of Small GTPase Mediated Signal Transduction (GO:0051058),2/49,0.0021340868671451,0.086311957737869,0,0,32.61047463175123,200.5451713289671,TGFB2;EPHB2
18,GO_Biological_Process_2025,Embryonic Appendage Morphogenesis (GO:0035113),1/10,0.0139151155631478,0.1032876968258196,0,0,82.1522633744856,351.18281785053944,TGFB2
7,Reactome_Pathways_2024,"Platelet Activation, Signaling and Aggregation",8/262,1.864201268681305e-05,0.008668535899368,0,0,7.8377354729393,85.35366646797145,SELENOP;PLCG2;TIMP3;FLNA;FYN;TLN1;THBS1;RHOB
7,Reactome_Pathways_2024,Signal Transduction,25/2613,8.651431374863588e-05,0.0201145779465578,0,0,2.6993381363115123,25.25284997067497,SPTBN4;ADH1C;PTPRJ;PTPRK;RASAL2;THBS1;AKAP13;FGF7;FLRT2;PLCG2;FLNA;FYN;SRGAP3;PTGDR;STAT1;RUNX1;RHOB;TGFBR2;SFPQ;FABP5;PDE3A;ARHGEF3;TLN1;SQSTM1;FKBP5
7,Reactome_Pathways_2024,Platelet Degranulation,5/128,0.000241082302666492,0.0217370674405737,0,0,9.81062859409082,81.72618748824719,SELENOP;TIMP3;FLNA;TLN1;THBS1
7,Reactome_Pathways_2024,RUNX1 Regulates Transcription of Genes Involved in BCR Signaling,2/6,0.0002774147289637424,0.0217370674405737,0,0,117.11176470588236,959.144996337308,ELF1;RUNX1
7,Reactome_Pathways_2024,Response to Elevated Platelet Cytosolic Ca2+,5/133,0.0002879403849307583,0.0217370674405737,0,0,9.42501905487805,76.839890979812,SELENOP;TIMP3;FLNA;TLN1;THBS1
7,Reactome_Pathways_2024,Signaling by CSF1 (M-CSF) in Myeloid Cells,3/31,0.0003272246711484224,0.0217370674405737,0,0,25.363520408163264,203.5387905565073,STAT1;PLCG2;FYN
7,Reactome_Pathways_2024,RUNX1 Regulates Transcription of Genes Involved in Interleukin Signaling,2/5,0.0001854676106804791,0.0217370674405737,0,0,156.15686274509804,1341.798189854621,ELF1;RUNX1
7,Reactome_Pathways_2024,GPVI-mediated Activation Cascade,3/35,0.000470515195928311,0.027348695763333,0,0,22.188616071428573,170.00212706160107,PLCG2;FYN;RHOB
7,Reactome_Pathways_2024,O-glycosylation of TSR Domain-Containing Proteins,3/39,0.0006488047770567378,0.027426747393762,0,0,19.71924603174603,144.74673339923683,SPON2;THSD7A;THBS1
7,Reactome_Pathways_2024,Cytokine Signaling in Immune System,11/776,0.0005331575632397877,0.027426747393762,0,0,3.6227726178190576,27.30372706403766,STAT1;STAT4;PLCG2;FLNA;PTPRJ;FYN;LBP;GBP2;SOD2;SQSTM1;TRIM22
8,Reactome_Pathways_2024,Negative Regulation of MET Activity,3/21,7.214628107857622e-05,0.0238804190370087,0,0,44.23111111111111,421.82391587764994,PTPN1;LRIG1;PTPN2
8,Reactome_Pathways_2024,Defective B3GALTL Causes PpS,3/38,0.0004363041377333235,0.0390034283306971,0,0,22.728,175.85042235597552,ADAMTSL1;ADAMTS3;ADAMTSL3
8,Reactome_Pathways_2024,O-glycosylation of TSR Domain-Containing Proteins,3/39,0.0004713405236338028,0.0390034283306971,0,0,22.09555555555556,169.25040323357825,ADAMTSL1;ADAMTS3;ADAMTSL3
8,Reactome_Pathways_2024,Turbulent Flow Shear Stress Activates Signaling by PIEZO1 and Integrins in Endothelial Cells,3/31,0.00023708496170210227,0.0390034283306971,0,0,28.42,237.22435443754048,PTPN1;ITGA5;VCL
8,Reactome_Pathways_2024,Regulation of IFNG Signaling,2/14,0.0013254974295978,0.0548424561496124,0,0,43.66228070175438,289.3048516583327,PTPN1;PTPN2
8,Reactome_Pathways_2024,Synthesis of PE,2/13,0.0011390164604325,0.0548424561496124,0,0,47.633971291866025,322.843534298204,LPIN1;LPIN2
8,Reactome_Pathways_2024,O-linked Glycosylation,4/114,0.0010322662312371,0.0548424561496124,0,0,9.735626535626537,66.94215510267831,ADAMTSL1;ADAMTS3;GALNT15;ADAMTSL3
8,Reactome_Pathways_2024,Triglyceride Biosynthesis,2/14,0.0013254974295978,0.0548424561496124,0,0,43.66228070175438,289.3048516583327,LPIN1;LPIN2
8,Reactome_Pathways_2024,Depolymerization of the Nuclear Lamina,2/15,0.0015255595664545,0.0561066907218271,0,0,40.30161943319838,261.37188116066267,LPIN1;LPIN2
8,Reactome_Pathways_2024,Interleukin-1 Family Signaling,4/140,0.002197331261253,0.0663858349248714,0,0,7.864069952305247,48.13213229458032,IL1R1;IL18;NOD1;PTPN2
12,Reactome_Pathways_2024,NCAM Signaling for Neurite Out-Growth,4/63,4.077039971736192e-05,0.0053660083091563,0,0,23.645554564377044,238.9987252228645,RPS6KA5;COL4A4;COL4A3;ST8SIA4
12,Reactome_Pathways_2024,Axon Guidance,9/541,3.596942565772369e-05,0.0053660083091563,0,0,6.313729034123771,64.60738701309363,VAV3;SDCBP;RPS6KA5;ALCAM;COL4A4;COL4A3;ST8SIA4;MYH9;MYL9
12,Reactome_Pathways_2024,Nervous System Development,9/567,5.176213803044753e-05,0.0053660083091563,0,0,6.011476426799008,59.32636876505268,VAV3;SDCBP;RPS6KA5;ALCAM;COL4A4;COL4A3;ST8SIA4;MYH9;MYL9
12,Reactome_Pathways_2024,EPH-Ephrin Signaling,4/92,0.00017904509648552936,0.0139207562517499,0,0,15.830143540669855,136.5804656373475,VAV3;SDCBP;MYH9;MYL9
12,Reactome_Pathways_2024,Developmental Biology,13/1385,0.0002283630777391057,0.0142041834353723,0,0,3.6651330174927113,30.730578086468828,VAV3;ATP6V0B;CDKN1A;KLF4;SDCBP;RPS6KA5;ALCAM;CCND1;COL4A4;COL4A3;ST8SIA4;MYH9;MYL9
12,Reactome_Pathways_2024,NCAM1 Interactions,3/42,0.0002847251816415729,0.0144348611536716,0,0,26.392572944297083,215.4685991315754,COL4A4;COL4A3;ST8SIA4
12,Reactome_Pathways_2024,CD163 Mediating an Anti-Inflammatory Response,2/9,0.00032490041181897696,0.0144348611536716,0,0,96.52300242130752,775.2719685697144,IL6;MYH9
12,Reactome_Pathways_2024,"Defective Binding of RB1 Mutants to E2F1,(E2F2, E2F3)",2/17,0.0012082737390718,0.0289056256039496,0,0,45.02598870056497,302.509923709327,CDKN1A;CCND1
12,Reactome_Pathways_2024,Degradation of the Extracellular Matrix,4/140,0.0008809661371963903,0.0289056256039496,0,0,10.218266253869968,71.88030577458466,ADAMTS1;ADAMTS18;COL4A4;COL4A3
12,Reactome_Pathways_2024,Anchoring Fibril Formation,2/15,0.0009365269021087002,0.0289056256039496,0,0,51.958279009126464,362.32234580030286,COL4A4;COL4A3
2,GO_Biological_Process_2025,Regulation of Intracellular Signal Transduction (GO:1902531),8/302,0.00020646278975506696,0.1128938539615997,0,0,5.442176870748299,46.17899513845416,AKAP12;EPHA4;ARHGAP31;EDA;PHLPP1;PTPN22;PLPP3;MAP4K4
2,GO_Biological_Process_2025,Positive Regulation of ATP Metabolic Process (GO:1903580),3/28,0.00043044927155977625,0.1128938539615997,0,0,23.148349514563108,179.41547454949597,PID1;HIF1A;SLC4A4
2,GO_Biological_Process_2025,Negative Regulation of MAPK Cascade (GO:0043409),5/127,0.0005792628724829628,0.1128938539615997,0,0,8.02304820645999,59.801829042874296,EPHA4;PRMT1;PTPN22;IRAK3;KLHL31
2,GO_Biological_Process_2025,Positive Regulation of Intracellular Signal Transduction (GO:1902533),11/652,0.0006828740667509083,0.1128938539615997,0,0,3.4778389030298054,25.35066367243262,P2RY12;EPHA4;EDA;PELI2;HMOX1;PTPN22;IRAK3;ACTN4;PLPP3;IL6R;MAP4K4
2,GO_Biological_Process_2025,Negative Regulation of JNK Cascade (GO:0046329),3/33,0.0007032335998100724,0.1128938539615997,0,0,19.285436893203883,140.00882807186724,PRMT1;PTPN22;KLHL31
2,GO_Biological_Process_2025,Response to Exogenous dsRNA (GO:0043330),3/34,0.0007683292589631011,0.1128938539615997,0,0,18.66238647040401,133.8334264181811,IRAK3;IFIT1;RIGI
2,GO_Biological_Process_2025,Regulation of p38MAPK Cascade (GO:1900744),3/35,0.0008371366289525404,0.1128938539615997,0,0,18.078276699029125,128.0940501293148,PHLPP1;PRMT1;PTPN22
2,Reactome_Pathways_2024,Disease,22/2131,0.0016152440368184,0.12837773440833,0,0,2.208618392828919,14.197593649545556,CDKN1C;PRMT1;ITPR1;ATP1B3;RRBP1;ATP1A1;FMO3;SLC4A4;EML4;ADAMTS4;H2AJ;MAP1LC3B;KIF5B;GNB2;MGAT5;PIM1;HMOX1;TBL1X;PAK2;ST3GAL1;IL6R;RIGI
2,Reactome_Pathways_2024,RHOU GTPase Cycle,3/40,0.0012396633877259,0.12837773440833,0,0,15.6313303594857,104.61917164998862,ARHGAP31;PAK2;SPTAN1
2,Reactome_Pathways_2024,cGMP Effects,2/16,0.003181041206578,0.12837773440833,0,0,27.307692307692307,157.03416022129693,ITPR1;PDE5A
5,GO_Biological_Process_2025,Long-Chain fatty-acyl-CoA Metabolic Process (GO:0035336),4/23,3.323362792434965e-06,0.002681953773495,0,0,48.13067150635209,607.1459632030686,DGAT2;ELOVL5;ACSL3;HSD17B12
5,GO_Biological_Process_2025,Long-Chain fatty-acyl-CoA Biosynthetic Process (GO:0035338),3/17,5.916449126734406e-05,0.0238728722263733,0,0,48.44561688311688,471.6272368551326,ELOVL5;ACSL3;HSD17B12
5,Reactome_Pathways_2024,Synthesis of Very Long-Chain Fatty acyl-CoAs,3/24,0.0001720868277972388,0.0583374346232639,0,0,32.285714285714285,279.83679649139845,ELOVL5;ACSL3;HSD17B12
5,GO_Biological_Process_2025,fatty-acyl-CoA Biosynthetic Process (GO:0046949),3/26,0.00021960949055713536,0.0590749529598694,0,0,29.475296442687743,248.28986477929604,ELOVL5;HSD17B12;ACSL3
5,GO_Biological_Process_2025,"Fatty Acid Elongation, Saturated Fatty Acid (GO:0019367)",2/7,0.0004236471810545356,0.0854708187777525,0,0,89.4561797752809,694.771221874901,ELOVL5;HSD17B12
5,Reactome_Pathways_2024,Regulation of TP53 Activity,5/160,0.000822714962038816,0.0929265216748004,0,0,7.40960240060015,52.629670503614,NUAK1;MDM2;HIPK1;TP63;GATAD2A
5,Reactome_Pathways_2024,Free Fatty Acids Regulate Insulin Secretion,2/11,0.001096478131856,0.0929265216748004,0,0,49.68789013732834,338.6553645055418,GNA14;ACSL3
5,Reactome_Pathways_2024,Fatty acyl-CoA Biosynthesis,3/37,0.0006329801966031103,0.0929265216748004,0,0,19.928141711229948,146.77218699692983,ELOVL5;HSD17B12;ACSL3
5,GO_Biological_Process_2025,Extracellular Matrix Organization (GO:0030198),5/182,0.0014602517252254,0.1728919831297467,0,0,6.481408487715149,42.318065176990885,ADAMTS5;P4HA1;MMP19;TGFBR1;ADAMTS6
5,GO_Biological_Process_2025,Fatty Acid Elongation (GO:0030497),2/13,0.0015458243502584,0.1728919831297467,0,0,40.64964249233912,263.0925328432116,ELOVL5;HSD17B12
14,Reactome_Pathways_2024,Hormone Ligand-Binding Receptors,2/13,0.0005475615753860751,0.1002037682956517,0,0,69.7027972027972,523.4704909315706,FSHR;TSHR
14,GO_Biological_Process_2025,Negative Regulation of Cell Activation (GO:0050866),2/13,0.0005475615753860751,0.1313697644349932,0,0,69.7027972027972,523.4704909315706,C1QTNF1;CD200
14,GO_Biological_Process_2025,Suppression of Viral Release by Host (GO:0044790),2/14,0.0006377173030824915,0.1313697644349932,0,0,63.89102564102564,470.08559874216274,TRIM5;PML
14,GO_Biological_Process_2025,Entrainment of Circadian Clock by Photoperiod (GO:0043153),2/21,0.001453945582274,0.1644475423568503,0,0,40.33805668016194,263.5476577125423,CRY1;PML
14,GO_Biological_Process_2025,Photoperiodism (GO:0009648),2/22,0.0015965780811344,0.1644475423568503,0,0,38.31923076923077,246.7717321748194,CRY1;PML
14,GO_Biological_Process_2025,Female Gonad Development (GO:0008585),1/6,0.0160929063554706,0.1836730568420957,0,0,75.24905660377358,310.73170127161313,FSHR
14,GO_Biological_Process_2025,Negative Regulation of T Cell Migration (GO:2000405),1/5,0.0134285105037049,0.1836730568420957,0,0,94.06603773584904,405.4599145949008,CD200
14,GO_Biological_Process_2025,Citrulline Metabolic Process (GO:0000052),1/5,0.0134285105037049,0.1836730568420957,0,0,94.06603773584904,405.4599145949008,DDAH1
14,GO_Biological_Process_2025,Arginine Catabolic Process (GO:0006527),1/6,0.0160929063554706,0.1836730568420957,0,0,75.24905660377358,310.73170127161313,DDAH1
14,GO_Biological_Process_2025,Positive Regulation of Transforming Growth Factor Beta Production (GO:0071636),1/8,0.0214005315110721,0.1836730568420957,0,0,53.74393530997305,206.6099344884028,CD200
16,Reactome_Pathways_2024,TNF Receptor Superfamily (TNFSF) Members Mediating Non-Canonical NF-kB Pathway,2/17,0.00044503356162541583,0.0565792742749188,0,0,75.99238095238096,586.460626363802,TNFRSF12A;BIRC3
16,Reactome_Pathways_2024,Interferon Gamma Signaling,3/99,0.000808976037464977,0.0565792742749188,0,0,18.26011029411765,130.00726069671498,SOCS3;IRF8;GBP1
16,Reactome_Pathways_2024,TNFR1-induced Proapoptotic Signaling,2/26,0.0010524125093276,0.0565792742749188,0,0,47.47380952380952,325.5122513580588,TNFAIP3;BIRC3
16,Reactome_Pathways_2024,Immune System,11/2150,0.0013006729718372,0.0565792742749188,0,0,3.5254432337181285,23.426124241278963,SOCS3;TNFRSF12A;PTPRZ1;ADGRE5;COTL1;SERPING1;IRF8;TNFAIP3;GBP1;CTSC;BIRC3
16,Reactome_Pathways_2024,TNFR1-induced NF-kappa-B Signaling Pathway,2/33,0.0016958957284412,0.0590171713497538,0,0,36.7410138248848,234.3909225442032,TNFAIP3;BIRC3
16,Reactome_Pathways_2024,NOD1 2 Signaling Pathway,2/37,0.0021292131888009,0.0617471824752264,0,0,32.53551020408163,200.1585486526794,TNFAIP3;BIRC3
16,Reactome_Pathways_2024,Cytokine Signaling in Immune System,6/776,0.002781515408657,0.0691405258723328,0,0,4.82438206954336,28.39032767876334,SOCS3;TNFRSF12A;PTPRZ1;IRF8;GBP1;BIRC3
16,GO_Biological_Process_2025,Negative Regulation of Apoptotic Process (GO:0043066),6/475,0.0002163309247742821,0.0824220823390014,0,0,8.04484489992434,67.88804282201676,PKHD1;SOCS3;PTPRZ1;TNFAIP3;BIRC3;IER3
16,Reactome_Pathways_2024,Regulation of TNFR1 Signaling,2/50,0.0038576315924392,0.0836041802948267,0,0,23.70833333333333,131.76384828572083,TNFAIP3;BIRC3
16,Reactome_Pathways_2024,Nuclear Receptor Transcription Pathway,2/53,0.0043243541531806,0.0836041802948267,0,0,22.310364145658266,121.44629941933714,NR4A1;RORB
19,Reactome_Pathways_2024,Inactivation of CDC42 and RAC1,2/8,4.528214327454185e-05,0.004935753616925,0,0,277.3333333333333,2774.0537874782267,SLIT2;ROBO1
19,Reactome_Pathways_2024,Role of ABL in ROBO-SLIT Signaling,2/8,4.528214327454185e-05,0.004935753616925,0,0,277.3333333333333,2774.0537874782267,SLIT2;ROBO1
19,Reactome_Pathways_2024,Regulation of Commissural Axon Pathfinding by SLIT and ROBO,2/10,7.265883245949173e-05,0.005279875158723,0,0,207.97916666666663,1981.9864686095775,SLIT2;ROBO1
19,GO_Biological_Process_2025,Negative Regulation of Chemokine-Mediated Signaling Pathway (GO:0070100),2/5,1.621089789622037e-05,0.0063708828732146,0,0,554.75,6118.796435190915,SLIT2;ROBO1
19,GO_Biological_Process_2025,Regulation of Chemokine-Mediated Signaling Pathway (GO:0070099),2/7,3.398869916901055e-05,0.0066787793867105,0,0,332.81666666666666,3424.5112560524976,SLIT2;ROBO1
19,Reactome_Pathways_2024,Activation of RAC1,2/13,0.00012564069753470206,0.0068474180156412,0,0,151.2348484848485,1358.404162946047,SLIT2;ROBO1
19,GO_Biological_Process_2025,Positive Regulation of Neurogenesis (GO:0050769),3/64,7.708882666316403e-05,0.0098753588262275,0,0,42.57947255880256,403.2511178555245,CTNNB1;SLIT2;ROBO1
19,GO_Biological_Process_2025,Motor Neuron Axon Guidance (GO:0008045),2/13,0.00012564069753470206,0.0098753588262275,0,0,151.2348484848485,1358.404162946047,NCOA3;SLIT2
19,GO_Biological_Process_2025,Negative Regulation of Chemotaxis (GO:0050922),2/12,0.00010639628074801148,0.0098753588262275,0,0,166.36666666666667,1521.9788208594728,SLIT2;ROBO1
19,GO_Biological_Process_2025,Pulmonary Valve Morphogenesis (GO:0003184),2/19,0.00027412629302663206,0.0179552721932444,0,0,97.82843137254902,802.3811277255052,SLIT2;ROBO1
20,Reactome_Pathways_2024,Metabolism of Lipids,3/758,0.0071223173880691,0.0457163186766324,0,0,9.553311258278146,47.236558937655104,THRSP;CYP7B1;FADS1
20,Reactome_Pathways_2024,Alpha-Linolenic (Omega3) and Linoleic (Omega6) Acid Metabolism,1/13,0.00712850018242,0.0457163186766324,0,0,166.475,822.994869532877,FADS1
20,Reactome_Pathways_2024,Alpha-Linolenic Acid (ALA) Metabolism,1/13,0.00712850018242,0.0457163186766324,0,0,166.475,822.994869532877,FADS1
20,Reactome_Pathways_2024,Response to Metal Ions,1/14,0.0076749307875411,0.0457163186766324,0,0,153.66153846153847,748.3003458854362,CSRP1
20,Reactome_Pathways_2024,Synthesis of Bile Acids and Bile Salts via 27-Hydroxycholesterol,1/14,0.0076749307875411,0.0457163186766324,0,0,153.66153846153847,748.3003458854362,CYP7B1
20,Reactome_Pathways_2024,IL-6-type Cytokine Receptor Ligand Interactions,1/17,0.0093125834341288,0.0457163186766324,0,0,124.83125,583.7594513941907,IL11RA
20,Reactome_Pathways_2024,Carnitine Shuttle,1/14,0.0076749307875411,0.0457163186766324,0,0,153.66153846153847,748.3003458854362,THRSP
20,Reactome_Pathways_2024,VLDLR Internalisation and Degradation,1/16,0.0087669723009575,0.0457163186766324,0,0,133.16,630.7474630602054,MYLIP
20,Reactome_Pathways_2024,Linoleic Acid (LA) Metabolism,1/8,0.004392244396163,0.0457163186766324,0,0,285.45714285714286,1549.43708775113,FADS1
20,Reactome_Pathways_2024,NR1H2 & NR1H3 Regulate Gene Expression to Limit Cholesterol Uptake,1/5,0.0027472053583369,0.0457163186766324,0,0,499.625,2946.374119506432,MYLIP
