gene_symbol,cluster
MAK,0
MEGF9,0
TNC,0
KIAA0040,0
MAPRE2,0
NR4A3,0
GADD45G,0
UBASH3B,0
NFATC1,0
PPARGC1A,0
MIDN,0
GLIPR2,0
COL5A3,0
THSD4,0
ARHGDIA,0
ICAM1,0
PELI1,0
MYC,0
RAB8B,0
STPG2,0
MYO9B,0
SLC7A10,0
BHLHE40,0
NFKB1,0
GEM,0
TP53I11,0
C8orf34,0
DUSP4,0
PRICKLE1,0
PLIN2,0
SH3BP2,0
SEPTIN9,0
STOM,0
FOSL2,0
ABTB2,0
MPPED2,0
PCSK6,0
ADM,0
ADAMTS9,0
MT1A,0
CDC42EP3,0
NQO1,0
CPHXL2,0
HEG1,0
CRISPLD2,0
TYR,0
CAPN2,0
SCD,0
PER1,0
PLSCR1,0
RBP4,0
WWTR1,0
ANKUB1,0
RFFL,0
RASSF4,0
NRP1,0
YPEL2,0
IQCJ,0
MECOM,0
ULK4,0
THADA,0
ABCA6,0
TET3,0
NEDD9,0
ATP8B4,0
STAT2,0
WTAP,0
CHD1,0
EPB41L4A,0
SLC7A1,0
MARCHF3,0
MAFF,0
AMD1,0
PGAP1,0
MEDAG,0
NRG2,0
TENT5A,0
EGFL6,0
WDFY2,0
RNF149,0
ECE1,0
SMS,0
ADRB2,0
TSPYL2,0
PDGFRB,0
SRM,0
TNMD,0
SLC2A5,0
SUSD6,0
SMOC1,0
UPP2,0
RNF144B,0
SERPINB9,0
TUBB2A,0
KLF5,0
NRP2,0
EYA4,0
MITF,0
STOX2,0
GPCPD1,0
SCIN,0
COL24A1,0
PMEPA1,0
FNBP1L,0
ADISSP,0
NOP56,0
PDLIM3,0
RUNDC3B,0
NPR3,0
PTPN12,0
DAB2,0
ARID5A,0
UPP1,0
ZNF331,0
ROR1,0
AHR,0
PLPP1,0
CYP3A7,0
PPFIA2,1
RGS6,1
PTMA,1
GRM5,1
NALF1,1
TAFA1,1
ARPP21,1
FGF14,1
GRIN2B,1
DCN,1
COL3A1,1
KLRD1,1
CACNA1C,1
GRIA4,1
UBC,1
ETS1,1
HSPA8,1
PLCL1,1
MYL6,1
DOCK3,1
BTG1,1
TXN,1
FTH1,1
NRCAM,1
GALNTL6,1
SERPINE1,1
CDH18,1
CDH12,1
COL1A2,1
C7,1
ACTB,1
MAP1B,1
NKAIN2,1
KCND2,1
TRDN,1
BACH2,1
EEF1A1,1
ADGRB3,1
PPP2R2B,1
HSP90AB1,1
RPL10A,1
HLA-E,1
NPM1,1
DUSP1,1
RIPOR2,1
GRIK2,1
DGKI,1
DPP6,1
CSMD1,1
CD44,1
SAA1,1
CD96,1
HBB,1
LSAMP,1
RPLP2,1
IFITM3,1
TF,1
ANK3,1
PEX5L,1
FGF12,1
FOS,1
KCNIP4,1
MT-ATP6,1
IGFBP7,1
ADGRL3,1
CSN1S1,1
GC,1
PTPRD,1
GRID2,1
UNC5C,1
PABPC1,1
ANK2,1
CADM2,1
NRXN3,1
MT-ND3,1
UNC79,1
LRRTM4,1
NEGR1,1
HBA2,1
APOE,1
SERF2,1
PLCB1,1
SAT1,1
PLA2G2A,1
ENO1,1
MT2A,1
ACTG1,1
FOSB,1
S100A4,1
FTL,1
JUNB,1
B2M,1
YBX1,1
H3-3B,1
ZFP36L2,1
AGBL4,1
ZFP36,1
S100A10,1
EIF1,1
LRP1B,1
SERPINA3,1
JUN,1
SLC8A1,1
KLF2,1
NCAM2,1
CCL2,1
RBFOX1,1
EIF4A1,1
HSP90AA1,1
RPL4,1
GNB2,2
SPTAN1,2
NR2F2,2
ELN,2
TAF1D,2
EGFLAM,2
BACH1,2
ST3GAL1,2
RETREG1,2
IL6R,2
MRPL41,2
RASGEF1B,2
DNM1,2
RRBP1,2
SF3B2,2
CTSB,2
PRR5L,2
KIAA1217,2
ACTN4,2
ATP1A1,2
DDX21,2
P2RY12,2
IFIT1,2
MYO1D,2
SULF1,2
HPSE2,2
SHISA6,2
ATP1B3,2
PTPN22,2
RBM20,2
HSPA12A,2
CDV3,2
MAP1LC3B,2
PDE5A,2
ALDH1L1,2
MAF,2
ARHGAP31,2
ITGA8,2
CDKN1C,2
EBF2,2
PRMT1,2
COL11A1,2
CNN3,2
SESN3,2
SLC4A4,2
EML4,2
KLHL31,2
RIGI,2
MAP4K4,2
PTCHD4,2
PIM1,2
GPX3,2
EDA,2
HSPH1,2
LHFPL6,2
GLS,2
FHOD3,2
CARMIL1,2
EDNRB,2
ANKRD36C,2
TNFAIP2,2
RBM47,2
ID4,2
APEX1,2
BAZ1A,2
FRMD3,2
OSBPL6,2
CEMIP2,2
PELI2,2
PHLPP1,2
HIF1A,2
USP9Y,2
MGAT5,2
RND3,2
FMO3,2
IKZF2,2
TBL1X,2
H2AJ,2
AGMO,2
SLC25A18,2
PLPP3,2
LMOD1,2
PAK2,2
CMYA5,2
SERINC5,2
RPS6KA2,2
CCDC85A,2
AKAP12,2
EMP1,2
RUFY3,2
PALS2,2
KIF5B,2
ITPR1,2
CDK17,2
ADAMTS4,2
EPHA4,2
SOBP,2
GLDN,2
IRAK3,2
CSRP2,2
PID1,2
HMOX1,2
NCOA7,2
SLC38A2,2
ZSWIM5,2
RASSF3,2
FBXL6,3
MFSD3,3
ZNF414,3
ARFGAP1,3
POP1,3
TBL1Y,3
GPR153,3
GFPT2,3
ZDHHC9,3
PLEKHG5,3
MORC4,3
ALDH4A1,3
PLCXD1,3
ARHGAP8,3
MGAT3,3
RHBDL2,3
ZNF691,3
FAAH,3
ALKBH6,3
MICALL2,3
NLN,3
TMEM120A,3
POLR1E,3
CTH,3
STEAP1,3
STEAP2,3
MRGBP,3
ANGPT4,3
OR2F1,3
NOCT,3
CA13,3
OSGIN2,3
TMEM64,3
ZBED3,3
PABIR1,3
AAAS,3
CCDC181,3
FAM219B,3
DLAT,3
PANX1,3
IFRD2,3
KIF7,3
PARP3,3
UCK2,3
RCCD1,3
BRMS1,3
KLC2,3
FLRT1,3
FNDC4,3
SLC22A25,3
EIF2B4,3
MLST8,3
TMEM138,3
DTX4,3
GTF2A1L,3
ADAMTS15,3
IL17RE,3
SLC12A1,3
SLC25A21,3
PJVK,3
TRMT61A,3
ADSS1,3
BTBD6,3
AVEN,3
PUS1,3
MMP17,3
PHKG2,3
AACS,3
ALKBH2,3
TMEM169,3
NT5DC3,3
RGPD1,3
TMEM150A,3
HTRA2,3
SLC28A2,3
INO80B,3
ACADS,3
GPT2,3
ACY1,3
STOX1,3
FPGS,3
GRHL1,3
OSTN,3
AXIN2,3
KAT2A,3
DUSP14,3
DAB2IP,3
IDUA,3
LETM1,3
LYSET,3
CHST3,3
FFAR4,3
PEMT,3
PCYT2,3
PPRC1,3
HACD1,3
TMEM80,3
FBXL8,3
ZNF670,3
SLC14A2,3
CLUH,3
PRKCQ,4
TAFA2,4
GRIP1,4
ZFP36L1,4
PRKCH,4
PITPNC1,4
PNRC1,4
C3,4
TPM4,4
ABTB3,4
CNKSR2,4
IER2,4
MLIP,4
PRDX2,4
HSPA5,4
SOX4,4
NALCN,4
ZC3H12B,4
GPC5,4
KLF12,4
MSN,4
CKB,4
DNAJA1,4
LDLRAD4,4
EVL,4
PPP1R15A,4
YBX3,4
LAMA2,4
HSPB1,4
FCHSD2,4
CEBPD,4
TSHZ2,4
SAMHD1,4
DYNC1I1,4
NECAB1,4
NLRC5,4
DSTN,4
CLU,4
MT1E,4
SAA2,4
NUPR1,4
CALD1,4
AHNAK,4
PRKCA,4
CTNNA3,4
PCBP3,4
UNC13C,4
PLXDC2,4
LARGE1,4
SYNE1,4
MFAP5,4
SAMD12,4
GALNT17,4
PKM,4
TAGLN,4
MYO18B,4
CADM1,4
CRYAB,4
COL6A2,4
MMP3,4
NTRK3,4
CAMK1D,4
TRPM3,4
IFI16,4
BTG2,4
HSPD1,4
KAZN,4
EGR1,4
STK17B,4
ADCY2,4
KCTD8,4
RAPGEF4,4
PRKCE,4
AKT3,4
ARHGAP26,4
SRSF7,4
GALNT13,4
GPX1,4
DAB1,4
CCN1,4
ESRRG,4
MCTP1,4
MEF2C,4
KCNMB2,4
RHOA,4
PDE4B,4
SCN2A,4
COL6A3,4
IRF1,4
ANXA5,4
TTN,4
PCDH7,4
LRRFIP1,4
INPP4B,4
CPE,4
MCL1,4
CHL1,4
SFRP2,4
C2orf88,5
CATSPERG,5
HS2ST1,5
ZNF217,5
TOX3,5
GRB10,5
RARRES1,5
SUGCT,5
REX1BD,5
MMP19,5
RALA,5
THEM4,5
CCBE1,5
NPSR1,5
MCU,5
NOX4,5
GRINA,5
GATAD2A,5
HIPK1,5
SEMA3C,5
P4HA1,5
RELB,5
GALNT2,5
RNLS,5
LAMB1,5
BCL3,5
SMARCC2,5
FNIP2,5
TMX4,5
SRGAP1,5
CNTN6,5
GULP1,5
PTH1R,5
CALB1,5
SIPA1L2,5
ARHGAP20,5
SLC43A2,5
PKD1L2,5
CC2D2B,5
DUSP10,5
ANGPT2,5
GIPR,5
SDC4,5
LEPR,5
ADAMTS5,5
NUDT4,5
ELOVL5,5
GNL3,5
ABHD2,5
AUP1,5
CLOCK,5
FGF13,5
TP63,5
GNA14,5
MBNL3,5
LRRK1,5
NEB,5
MDM2,5
DGAT2,5
LRRC49,5
NUAK1,5
EGLN3,5
ABLIM3,5
ZBTB44,5
PRELID2,5
RIC8B,5
HSD17B12,5
WDR43,5
PLS3,5
HTRA3,5
FAM171A1,5
CFAP299,5
FLNB,5
CCDC3,5
ADAMTS6,5
ZNF462,5
SCN9A,5
ANKFN1,5
LHFPL2,5
CAP2,5
IPO7,5
TGFBR1,5
NME3,5
EHD1,5
HNMT,5
APCDD1,5
AMPD3,5
ACSL3,5
LIN7A,5
SHROOM3,5
PAWR,5
MAP2K6,6
CDKL1,6
IPO5,6
MACROH2A2,6
SLC25A39,6
XPA,6
IDH1,6
NFIL3,6
TAF4B,6
FAM241A,6
LMCD1,6
ZMAT3,6
UNC119,6
C3orf70,6
MAP2K3,6
TRIB1,6
GYS2,6
TMEM259,6
RASSF8,6
CPD,6
HSD11B1,6
MKNK2,6
LAMB3,6
TP53BP2,6
DKK2,6
PAPSS1,6
PPP1R15B,6
RAB20,6
CCDC107,6
RIPK2,6
FDX1,6
ARHGEF26,6
IL1RAP,6
IRAK2,6
ACAA2,6
LTBP2,6
PPP1R1A,6
HYCC1,6
DHX29,6
KCNE1,6
EXPH5,6
SPSB3,6
EIF3B,6
CNKSR3,6
PITPNB,6
APOL2,6
CDO1,6
CSPG4,6
YARS1,6
MAOB,6
ITGA11,6
IL13RA1,6
LONRF3,6
ANKLE2,6
SMARCA1,6
ST3GAL6,6
SERTAD2,6
ANTXR1,6
GABPB1,6
TSGA10,6
FAM50A,6
TFCP2L1,6
CCNL2,6
C11orf68,6
SLC2A4RG,6
GGCT,6
CTNNAL1,6
DLGAP4,6
ABCC3,6
BCL2L1,6
TRPC6,6
SULT1A1,6
CARD18,6
SNTB2,6
DNTTIP2,6
HLTF,6
GCLM,6
PLCE1,6
CREB3L2,6
CSF1,6
GTF2IRD1,6
GLUD1,6
GFRA1,6
OXCT1,6
PDZD8,6
CEACAM1,6
GLI3,6
B4GALT5,6
FGF7,7
SPON2,7
PLCG2,7
CCNL1,7
THBS1,7
PPA1,7
PLAC9,7
DENND4A,7
XYLT1,7
PTPRJ,7
H1-10,7
PARP14,7
RHOB,7
MYRIP,7
CCDC80,7
TRIM22,7
ANKRD30A,7
PLS1,7
TGFBR2,7
ABCB11,7
CBLB,7
NAV2,7
MT1X,7
AKAP13,7
FLRT2,7
PTGDR,7
FAM107B,7
ARL6IP4,7
TKT,7
CYP4B1,7
TMEM232,7
SPTBN4,7
RGCC,7
ELF1,7
PTPRK,7
HIVEP2,7
SLC2A13,7
FABP5,7
ARGLU1,7
FYN,7
STK17A,7
STAT4,7
ADH1C,7
SFPQ,7
SNTB1,7
ZC3HAV1,7
SOD2,7
SELENOP,7
COBL,7
C6,7
CCN5,7
THSD7A,7
MAFB,7
TIMP3,7
ADAM22,7
LBP,7
SLC1A3,7
COL15A1,7
SLC24A3,7
GBP2,7
STAT1,7
RUNX1,7
PDE3A,7
POU6F2,7
RFX3,7
TLN1,7
MLLT3,7
UCHL1,7
GLUL,7
CAV3,7
SRSF2,7
HNRNPAB,7
FLNA,7
SQSTM1,7
TANC2,7
SRGAP3,7
RASAL2,7
ETV6,7
FKBP5,7
MBP,7
NLGN4Y,7
CD38,7
ARHGEF3,7
GPC3,7
UTY,7
FMO2,7
BMP3,7
PITPNM2,8
FLVCR2,8
ZNRF2,8
DENND5A,8
GADD45A,8
BIN1,8
CYSLTR2,8
IL1R1,8
NOD1,8
KLF7,8
SPRED1,8
DGKH,8
OGFRL1,8
TXNRD1,8
CORO2B,8
SRPX,8
RAB27A,8
ADAMTSL3,8
LOX,8
ANO5,8
RSPO3,8
AFF2,8
ATP2A2,8
SAA4,8
RANBP17,8
PABPC4,8
CDK2AP1,8
COL4A5,8
LRIG1,8
METTL26,8
MFSD4B,8
SHOC1,8
LPIN1,8
SDC2,8
PTX3,8
KDM6B,8
KLF10,8
CTHRC1,8
RERG,8
IL18,8
MALRD1,8
MROH9,8
GLIS3,8
FAM13C,8
PTPN2,8
AKR1C2,8
ADAMTS3,8
LPIN2,8
GCH1,8
ANGPTL1,8
NAV1,8
SMURF2,8
GALNT15,8
ABLIM2,8
KIAA1958,8
ADAMTSL1,8
FAR2,8
INTS6,8
TIPARP,8
PTPN1,8
MXI1,8
ERO1B,8
NDUFAF3,8
ANKRD33B,8
COPS6,8
LRRC8B,8
TES,8
FARP1,8
SNCG,8
F3,8
VCL,8
USP54,8
ITGA5,8
SMARCA4,8
CDH23,8
INSIG1,8
EYA1,8
NOS1AP,8
CDADC1,9
TIMP4,9
AMOTL1,9
GLIPR1L1,9
BMAL2,9
MCRS1,9
GRB14,9
SCN11A,9
IRS1,9
OBSL1,9
MOGAT1,9
TUBGCP5,9
LRGUK,9
ITPKC,9
LONRF1,9
SLC39A14,9
MRI1,9
DOCK6,9
MCOLN1,9
KCNA2,9
TRIP10,9
LINGO3,9
SGMS2,9
GPR39,9
MBD3,9
WDR18,9
FSTL3,9
SLC19A2,9
DAPK3,9
TWSG1,9
TLCD4,9
VEGFC,9
NPHP4,9
MAMLD1,9
SLC29A1,9
TNFRSF21,9
FAM199X,9
SLC25A33,9
PGM3,9
PUS7,9
RAI2,9
THAP7,9
AK4,9
FAM20C,9
URB1,9
ZGPAT,9
NPEPL1,9
CFAP69,9
PNPLA3,9
GPS1,9
SLC9B2,9
HDHD3,9
VEPH1,9
ZNF19,9
RPP38,9
DZIP1L,9
ALG3,9
CENPT,9
TP53I13,9
KCTD3,9
CRACR2B,9
ARRDC4,9
REXO4,9
AARSD1,9
MPP3,9
ATXN7L3,9
HSF4,9
B3GALNT2,9
ACSF2,9
NIT2,9
RRP12,9
STON1,9
E2F4,9
RANGRF,9
ZNRF3,10
ASCC2,10
STK40,10
ABCC1,10
JDP2,10
ADGRG2,10
IFFO2,10
MIIP,10
DNAJC27,10
RASL11A,10
GPATCH11,10
ALPK3,10
SPRY3,10
TUBGCP6,10
IRX6,10
CDC42EP4,10
PNMA1,10
FASN,10
TEX2,10
B4GALT6,10
METTL17,10
PDE11A,10
MLX,10
DOT1L,10
MMP28,10
ADAMTS10,10
TRMT1,10
COL5A2,10
UCHL3,10
ADAM15,10
SREBF1,10
RRP15,10
MVD,10
OXLD1,10
PGM1,10
VPS4A,10
PXDC1,10
ACER2,10
ANAPC13,10
ADRA2A,10
NAPRT,10
GPT,10
PER2,10
NOC3L,10
SLC1A1,10
CDC37L1,10
IQCM,10
MFHAS1,10
SRFBP1,10
GCLC,10
TNFRSF10B,10
SIAH2,10
UGDH,10
FGF10,10
TMEM120B,10
CLPTM1L,10
CCDC71L,10
MET,10
CSKMT,10
CNPPD1,10
WWC1,10
B3GAT3,10
SPATA9,10
HMGXB3,10
NEK6,10
ZNF143,10
MLF1,10
RGS17,10
NEO1,11
EPAS1,11
EDNRA,11
FILIP1L,11
CLIP1,11
CMSS1,11
MYO1E,11
TECR,11
ECH1,11
LEP,11
PLD1,11
FBN1,11
PALLD,11
RAB11A,11
DNMT1,11
STIM1,11
PLEKHA7,11
AKR1C1,11
DPP7,11
SVIL,11
RASD1,11
MPRIP,11
ACACA,11
DEPP1,11
CTSL,11
ENAH,11
CALB2,11
B4GALT1,11
ATF6,11
MOB3B,11
CNNM2,11
KHDRBS3,11
FGFR2,11
NDRG1,11
PHF20,11
CCDC102B,11
PKD2,11
FBXO32,11
SYBU,11
ALK,11
BMAL1,11
MYOF,11
LMO4,11
TASOR2,11
RARB,11
NABP1,11
ARHGEF6,11
SLC4A7,11
CLIC4,11
SFXN1,11
ACTN1,11
RPS6KA3,11
TNFRSF25,11
BMPER,11
SFRP4,11
FGF1,11
CASP4,11
CITED2,11
LIFR,11
COL12A1,11
CNPY2,11
DGKD,11
CHRDL1,11
ORMDL1,11
MYH9,12
NCALD,12
ATP6V0B,12
MCTP2,12
MAP7,12
CCND1,12
NREP,12
KLF4,12
MTSS1,12
RERGL,12
NIBAN1,12
RCAN2,12
BICD1,12
F5,12
ADAMTS18,12
CPNE4,12
COL4A3,12
SETBP1,12
SDCBP,12
PRUNE2,12
TFPI,12
KLHL32,12
CFH,12
PDLIM1,12
COL4A4,12
ACTA2,12
STEAP4,12
DDIT4,12
FAT3,12
CHI3L2,12
ATF3,12
VAV3,12
MYADM,12
NFATC2,12
MEIS2,12
CADPS2,12
SERPINB1,12
RPS6KA5,12
PTGER4,12
IL1RL1,12
TNFAIP6,12
RANBP3L,12
MYL9,12
NNAT,12
OTUD7A,12
UST,12
IL6,12
TMTC2,12
HDAC9,12
PSD3,12
PTH2R,12
STK10,12
ANGPTL8,12
CECR2,12
CDKN1A,12
C11orf96,12
ADAMTS1,12
ST8SIA4,12
DNAJB1,12
NFKBIZ,12
ALCAM,12
ACLY,13
SLC25A25,13
PPARGC1B,13
PLA2G4A,13
ASS1,13
SLC39A7,13
ZFY,13
COL27A1,13
P3H2,13
ARID3A,13
HDX,13
SH3RF1,13
PRKAA1,13
ERV3-1,13
RCAN1,13
CLIC6,13
SPAG17,13
TNFRSF10D,13
ELL,13
KANK4,13
CLTCL1,13
SPSB1,13
BCR,13
RDH10,13
ELOVL6,13
IZUMO4,13
PUDP,13
GPAT3,13
ALPL,13
SIM1,13
RGN,13
GATA6,13
RRAGA,13
UAP1,13
ERCC1,13
ACAP3,13
DNAJA4,13
CDON,13
GCNT2,13
ZNF423,13
CFAP221,13
FOSL1,13
PAPSS2,13
PRKCD,13
TM7SF2,13
HMOX2,13
MAPRE3,13
CAB39L,13
FRMD6,13
SIX1,13
NAALAD2,13
VGLL3,13
EML3,13
PROS1,13
SCHIP1,13
GASK1A,13
RTN4RL1,13
FADS2,13
PKP2,13
NME9,13
TMEM164,14
MOCOS,14
KCNU1,14
PML,14
TEAD4,14
FSHR,14
GTF2B,14
DDB2,14
SYCP1,14
ETF1,14
SEL1L2,14
RRAS2,14
FSIP2,14
VEGFB,14
OLFM2,14
DNAJB7,14
PLIN3,14
SPRED2,14
STK35,14
PWWP3A,14
CD200,14
CSNK1G2,14
FAM136A,14
CYTH3,14
TRIM5,14
TMEM179B,14
FBXO9,14
DNAH14,14
DDAH1,14
PKD1L1,14
DOK5,14
ACVR1,14
CRY1,14
PROCR,14
EMD,14
CTDSPL,14
TET1,14
EPHX1,14
TSHR,14
SPDYE17,14
RHOBTB1,14
MB21D2,14
ZNF239,14
CEP170B,14
EPB41L1,14
NID2,14
STK26,14
PPTC7,14
TMEM170B,14
PHLPP2,14
LASP1,14
MLXIP,14
C1QTNF1,14
HOXB2,14
LOXL2,15
CRPPA,15
FAM184A,15
DAPL1,15
PAXBP1,15
SLC22A3,15
FAT4,15
SEMA3B,15
DNAH6,15
GANC,15
KSR1,15
C14orf39,15
EYA2,15
PKNOX2,15
ELAPOR2,15
RNF24,15
RAB32,15
JPH2,15
EFEMP2,15
CYP3A5,15
CDH6,15
GASK1B,15
AASS,15
LDLR,15
STK32A,15
ANOS1,15
NID1,15
ERRFI1,15
GNAL,15
TSC22D2,15
NUTF2,15
TNFRSF11B,15
EIF4E,15
STAMBPL1,15
NWD2,15
MICAL2,15
ALDH1A3,15
ACSL4,15
CPNE8,15
VIT,15
RAPH1,15
C1QTNF7,15
IGF2BP2,15
C3orf52,15
PAPPA,15
FAM110B,15
SLC20A2,15
ITGAV,15
BICC1,15
MT-ATP8,16
MT1M,16
CD83,16
CP,16
SCN3A,16
IGFBP4,16
IER3,16
CHN2,16
SOCS3,16
ITPKB,16
PRG4,16
CTSC,16
RORB,16
COTL1,16
LDB2,16
IRF8,16
BIRC3,16
PKHD1,16
ADGRE5,16
GBP1,16
LMNA,16
HS3ST5,16
SERPING1,16
EML6,16
LUZP2,16
TYMP,16
SPOCK1,16
NKAIN3,16
GADD45B,16
ADAMTS17,16
CCN2,16
ZNF385D,16
NR4A1,16
SIDT1,16
TNFRSF12A,16
TNFAIP3,16
PTPRZ1,16
IGFBP5,17
TSC22D3,17
SYN2,17
PDE1A,17
SYN3,17
CHSY3,17
NAP1L1,17
A2M,17
S100B,17
NFKBIA,17
LGALS3,17
HSPB7,17
FN1,17
ENOX1,17
HSP90B1,17
TUBA1A,17
RTN1,17
DCLK1,17
SYNE2,17
KLF6,17
PDE4D,17
PRKG1,17
DTNA,17
DNM3,17
KCNQ3,17
LDHA,17
XKR4,17
JUND,17
DOCK4,17
ATP10A,17
C1orf21,17
ARL15,17
PTPRT,17
PCK1,17
PPDPF,17
MTHFD1L,18
DUSP23,18
MRTO4,18
RFX2,18
ANTKMT,18
SH3RF2,18
BCCIP,18
CABLES1,18
SLC25A1,18
COMMD2,18
TRPC4,18
SYT2,18
AFAP1,18
NCBP2AS2,18
HSPB8,18
TGFB2,18
GPAA1,18
SEMA4A,18
MPZL1,18
EPHB2,18
GMCL1,18
STS,18
SLC16A1,18
TMEM182,18
OSMR,18
SAV1,18
CPAMD8,18
KCNK6,18
CTTNBP2,19
RAB31,19
SLIT2,19
ALDH1A1,19
ROBO1,19
RFTN2,19
TENM1,19
NAMPT,19
PLEKHG1,19
MAP3K8,19
PIP4K2A,19
GNAQ,19
KCND3,19
CALCB,19
COL25A1,19
DCLK2,19
PHACTR3,19
HTRA1,19
TACC1,19
ABI3BP,19
KLHL29,19
NCOA3,19
SH3RF3,19
CTNNB1,19
SYNPO2,19
KIF21A,19
THRSP,20
MYLIP,20
CYP7B1,20
WDFY1,20
SLC16A10,20
CSRP1,20
FADS1,20
IL11RA,20
ZBTB7C,20
AOX1,20
SNRPA,20
